Study ID	Sample ID	Patient ID	Altered	TP53	TP53: MUT	TP53: AMP	TP53: HOMDEL
hnsc_tcga_gdc	TCGA-WA-A7H4-01	TCGA-WA-A7H4	1	R267Ifs*2 (driver)	R267Ifs*2 (driver)	no alteration	no alteration
hnsc_tcga_gdc	TCGA-WA-A7GZ-01	TCGA-WA-A7GZ	1	H193P (driver)	H193P (driver)	no alteration	no alteration
hnsc_tcga_gdc	TCGA-UF-A7JT-01	TCGA-UF-A7JT	1	R273C (driver)	R273C (driver)	no alteration	no alteration
hnsc_tcga_gdc	TCGA-UF-A7JS-01	TCGA-UF-A7JS	1	R175H (driver), R282W (driver)	R175H (driver), R282W (driver)	no alteration	no alteration
hnsc_tcga_gdc	TCGA-UF-A7JO-01	TCGA-UF-A7JO	1	R213L (driver), S106R (driver)	R213L (driver), S106R (driver)	no alteration	no alteration
hnsc_tcga_gdc	TCGA-UF-A7JK-01	TCGA-UF-A7JK	1	R202_L206del (driver)	R202_L206del (driver)	no alteration	no alteration
hnsc_tcga_gdc	TCGA-UF-A7JJ-01	TCGA-UF-A7JJ	1	V73Rfs*76 (driver)	V73Rfs*76 (driver)	no alteration	no alteration
hnsc_tcga_gdc	TCGA-UF-A7JH-01	TCGA-UF-A7JH	1	D281Efs*26 (driver)	D281Efs*26 (driver)	no alteration	no alteration
hnsc_tcga_gdc	TCGA-UF-A7JF-01	TCGA-UF-A7JF	1	V157F (driver), G199* (driver)	V157F (driver), G199* (driver)	no alteration	no alteration
hnsc_tcga_gdc	TCGA-UF-A7JD-01	TCGA-UF-A7JD	1	R213* (driver)	R213* (driver)	no alteration	no alteration
hnsc_tcga_gdc	TCGA-UF-A7JA-01	TCGA-UF-A7JA	1	R175H (driver), E68* (driver)	R175H (driver), E68* (driver)	no alteration	no alteration
hnsc_tcga_gdc	TCGA-UF-A7J9-01	TCGA-UF-A7J9	1	G245C (driver)	G245C (driver)	no alteration	no alteration
hnsc_tcga_gdc	TCGA-UF-A71E-01	TCGA-UF-A71E	1	X125_splice (driver)	X125_splice (driver)	no alteration	no alteration
hnsc_tcga_gdc	TCGA-UF-A71D-01	TCGA-UF-A71D	1	A84Pfs*39 (driver)	A84Pfs*39 (driver)	no alteration	no alteration
hnsc_tcga_gdc	TCGA-UF-A71A-06	TCGA-UF-A71A	1	R248Q (driver), X224_splice (driver)	R248Q (driver), X224_splice (driver)	no alteration	no alteration
hnsc_tcga_gdc	TCGA-UF-A71A-01	TCGA-UF-A71A	1	R248Q (driver), X224_splice (driver)	R248Q (driver), X224_splice (driver)	no alteration	no alteration
hnsc_tcga_gdc	TCGA-UF-A719-01	TCGA-UF-A719	1	I195F (driver)	I195F (driver)	no alteration	no alteration
hnsc_tcga_gdc	TCGA-UF-A718-01	TCGA-UF-A718	1	X225_splice (driver)	X225_splice (driver)	no alteration	no alteration
hnsc_tcga_gdc	TCGA-TN-A7HJ-01	TCGA-TN-A7HJ	1	R290Sfs*56 (driver)	R290Sfs*56 (driver)	no alteration	no alteration
hnsc_tcga_gdc	TCGA-T3-A92M-01	TCGA-T3-A92M	1	X187_splice (driver)	X187_splice (driver)	no alteration	no alteration
hnsc_tcga_gdc	TCGA-T2-A6WZ-01	TCGA-T2-A6WZ	1	V272M (driver), X224_splice (driver), AMP	V272M (driver), X224_splice (driver)	AMP	AMP
hnsc_tcga_gdc	TCGA-RS-A6TO-01	TCGA-RS-A6TO	1	R282W (driver), Q192* (driver)	R282W (driver), Q192* (driver)	no alteration	no alteration
hnsc_tcga_gdc	TCGA-QK-AA3K-01	TCGA-QK-AA3K	1	R110L (driver)	R110L (driver)	no alteration	no alteration
hnsc_tcga_gdc	TCGA-QK-AA3J-01	TCGA-QK-AA3J	1	Y220C (driver)	Y220C (driver)	no alteration	no alteration
hnsc_tcga_gdc	TCGA-QK-A8ZB-01	TCGA-QK-A8ZB	1	E294* (driver)	E294* (driver)	no alteration	no alteration
hnsc_tcga_gdc	TCGA-QK-A8ZA-01	TCGA-QK-A8ZA	1	H193L (driver)	H193L (driver)	no alteration	no alteration
hnsc_tcga_gdc	TCGA-QK-A8Z9-01	TCGA-QK-A8Z9	1	R249S (driver)	R249S (driver)	no alteration	no alteration
hnsc_tcga_gdc	TCGA-QK-A8Z8-01	TCGA-QK-A8Z8	1	R158L (driver)	R158L (driver)	no alteration	no alteration
hnsc_tcga_gdc	TCGA-QK-A8Z7-01	TCGA-QK-A8Z7	1	E204* (driver)	E204* (driver)	no alteration	no alteration
hnsc_tcga_gdc	TCGA-QK-A6VC-01	TCGA-QK-A6VC	1	Q144* (driver)	Q144* (driver)	no alteration	no alteration
hnsc_tcga_gdc	TCGA-QK-A6VB-01	TCGA-QK-A6VB	1	Y220C (driver), X187_splice (driver)	Y220C (driver), X187_splice (driver)	no alteration	no alteration
hnsc_tcga_gdc	TCGA-QK-A6IJ-01	TCGA-QK-A6IJ	1	H178Pfs*70 (driver)	H178Pfs*70 (driver)	no alteration	no alteration
hnsc_tcga_gdc	TCGA-QK-A6IH-01	TCGA-QK-A6IH	1	C141Y (driver)	C141Y (driver)	no alteration	no alteration
hnsc_tcga_gdc	TCGA-QK-A6IG-01	TCGA-QK-A6IG	1	E285* (driver)	E285* (driver)	no alteration	no alteration
hnsc_tcga_gdc	TCGA-QK-A652-01	TCGA-QK-A652	1	G245S (driver)	G245S (driver)	no alteration	no alteration
hnsc_tcga_gdc	TCGA-QK-A64Z-01	TCGA-QK-A64Z	1	R273C (driver)	R273C (driver)	no alteration	no alteration
hnsc_tcga_gdc	TCGA-P3-A6T8-01	TCGA-P3-A6T8	1	Y220C (driver)	Y220C (driver)	no alteration	no alteration
hnsc_tcga_gdc	TCGA-P3-A6T7-01	TCGA-P3-A6T7	1	C238Lfs*9 (driver)	C238Lfs*9 (driver)	no alteration	no alteration
hnsc_tcga_gdc	TCGA-P3-A6T5-01	TCGA-P3-A6T5	1	R196P (driver)	R196P (driver)	no alteration	no alteration
hnsc_tcga_gdc	TCGA-P3-A6T4-01	TCGA-P3-A6T4	1	Y205* (driver)	Y205* (driver)	no alteration	no alteration
hnsc_tcga_gdc	TCGA-P3-A6T3-01	TCGA-P3-A6T3	1	G245S (driver), R306* (driver)	G245S (driver), R306* (driver)	no alteration	no alteration
hnsc_tcga_gdc	TCGA-P3-A6T2-01	TCGA-P3-A6T2	1	R283P (driver), D259N (driver)	R283P (driver), D259N (driver)	no alteration	no alteration
hnsc_tcga_gdc	TCGA-P3-A6T0-01	TCGA-P3-A6T0	1	X125_splice (driver), I251N (driver)	X125_splice (driver), I251N (driver)	no alteration	no alteration
hnsc_tcga_gdc	TCGA-P3-A6SX-01	TCGA-P3-A6SX	1	Y163* (driver)	Y163* (driver)	no alteration	no alteration
hnsc_tcga_gdc	TCGA-P3-A5QA-01	TCGA-P3-A5QA	1	H193Y (driver)	H193Y (driver)	no alteration	no alteration
hnsc_tcga_gdc	TCGA-P3-A5Q6-01	TCGA-P3-A5Q6	1	R248Q (driver)	R248Q (driver)	no alteration	no alteration
hnsc_tcga_gdc	TCGA-MZ-A7D7-01	TCGA-MZ-A7D7	1	P250Hfs*13 (driver), N200Ifs*47 (driver)	P250Hfs*13 (driver), N200Ifs*47 (driver)	no alteration	no alteration
hnsc_tcga_gdc	TCGA-MT-A7BN-01	TCGA-MT-A7BN	1	H214Qfs*33 (driver)	H214Qfs*33 (driver)	no alteration	no alteration
hnsc_tcga_gdc	TCGA-MT-A51W-01	TCGA-MT-A51W	1	N239D (driver)	N239D (driver)	no alteration	no alteration
hnsc_tcga_gdc	TCGA-KU-A66T-01	TCGA-KU-A66T	1	E271K (driver)	E271K (driver)	no alteration	no alteration
hnsc_tcga_gdc	TCGA-IQ-A6SH-01	TCGA-IQ-A6SH	1	Q192* (driver)	Q192* (driver)	no alteration	no alteration
hnsc_tcga_gdc	TCGA-IQ-A6SG-01	TCGA-IQ-A6SG	1	R282W (driver)	R282W (driver)	no alteration	no alteration
hnsc_tcga_gdc	TCGA-IQ-A61O-01	TCGA-IQ-A61O	1	R213* (driver)	R213* (driver)	no alteration	no alteration
hnsc_tcga_gdc	TCGA-IQ-A61L-01	TCGA-IQ-A61L	1	R248Q (driver), R248W (driver)	R248Q (driver), R248W (driver)	no alteration	no alteration
hnsc_tcga_gdc	TCGA-IQ-A61K-01	TCGA-IQ-A61K	1	R175H (driver)	R175H (driver)	no alteration	no alteration
hnsc_tcga_gdc	TCGA-IQ-A61J-01	TCGA-IQ-A61J	1	X125_splice (driver)	X125_splice (driver)	no alteration	no alteration
hnsc_tcga_gdc	TCGA-IQ-A61H-01	TCGA-IQ-A61H	1	R196* (driver)	R196* (driver)	no alteration	no alteration
hnsc_tcga_gdc	TCGA-IQ-A61G-01	TCGA-IQ-A61G	1	S241C (driver)	S241C (driver)	no alteration	no alteration
hnsc_tcga_gdc	TCGA-IQ-A61E-01	TCGA-IQ-A61E	1	X367_splice (driver)	X367_splice (driver)	no alteration	no alteration
hnsc_tcga_gdc	TCGA-IQ-7630-01	TCGA-IQ-7630	1	R248Q (driver), G245S (driver)	R248Q (driver), G245S (driver)	no alteration	no alteration
hnsc_tcga_gdc	TCGA-HD-A6HZ-01	TCGA-HD-A6HZ	1	R306* (driver), Y236C (driver)	R306* (driver), Y236C (driver)	no alteration	no alteration
hnsc_tcga_gdc	TCGA-HD-A633-01	TCGA-HD-A633	1	L348S (driver), S260Pfs*85 (driver)	L348S (driver), S260Pfs*85 (driver)	no alteration	no alteration
hnsc_tcga_gdc	TCGA-HD-8635-01	TCGA-HD-8635	1	H179R (driver)	H179R (driver)	no alteration	no alteration
hnsc_tcga_gdc	TCGA-HD-8634-01	TCGA-HD-8634	1	R158L (driver)	R158L (driver)	no alteration	no alteration
hnsc_tcga_gdc	TCGA-HD-8224-01	TCGA-HD-8224	1	R337C (driver)	R337C (driver)	no alteration	no alteration
hnsc_tcga_gdc	TCGA-HD-7831-01	TCGA-HD-7831	1	S215Kfs*7 (driver)	S215Kfs*7 (driver)	no alteration	no alteration
hnsc_tcga_gdc	TCGA-HD-7753-01	TCGA-HD-7753	1	V274dup (driver)	V274dup (driver)	no alteration	no alteration
hnsc_tcga_gdc	TCGA-HD-7229-01	TCGA-HD-7229	1	H179Y (driver)	H179Y (driver)	no alteration	no alteration
hnsc_tcga_gdc	TCGA-H7-A6C5-01	TCGA-H7-A6C5	1	X125_splice (driver)	X125_splice (driver)	no alteration	no alteration
hnsc_tcga_gdc	TCGA-H7-A6C4-01	TCGA-H7-A6C4	1	R196* (driver)	R196* (driver)	no alteration	no alteration
hnsc_tcga_gdc	TCGA-H7-8501-01	TCGA-H7-8501	1	Y163C (driver), E56* (driver)	Y163C (driver), E56* (driver)	no alteration	no alteration
hnsc_tcga_gdc	TCGA-F7-A624-01	TCGA-F7-A624	1	N239D (driver), T256I (driver)	N239D (driver), T256I (driver)	no alteration	no alteration
hnsc_tcga_gdc	TCGA-F7-A623-01	TCGA-F7-A623	1	S90Pfs*34 (driver)	S90Pfs*34 (driver)	no alteration	no alteration
hnsc_tcga_gdc	TCGA-F7-A620-01	TCGA-F7-A620	1	P151S (driver)	P151S (driver)	no alteration	no alteration
hnsc_tcga_gdc	TCGA-F7-A61W-01	TCGA-F7-A61W	1	T329Hfs*8 (driver)	T329Hfs*8 (driver)	no alteration	no alteration
hnsc_tcga_gdc	TCGA-F7-A61V-01	TCGA-F7-A61V	1	V173_R175del (driver)	V173_R175del (driver)	no alteration	no alteration
hnsc_tcga_gdc	TCGA-F7-A61S-01	TCGA-F7-A61S	1	R248Q (driver)	R248Q (driver)	no alteration	no alteration
hnsc_tcga_gdc	TCGA-F7-A50I-01	TCGA-F7-A50I	1	C275Y (driver)	C275Y (driver)	not profiled	not profiled
hnsc_tcga_gdc	TCGA-F7-A50G-01	TCGA-F7-A50G	1	Q331H (driver)	Q331H (driver)	no alteration	no alteration
hnsc_tcga_gdc	TCGA-F7-8298-01	TCGA-F7-8298	1	V197Ifs*42 (driver)	V197Ifs*42 (driver)	no alteration	no alteration
hnsc_tcga_gdc	TCGA-F7-7848-01	TCGA-F7-7848	1	P58Qfs*65 (driver), E286V (driver)	P58Qfs*65 (driver), E286V (driver)	no alteration	no alteration
hnsc_tcga_gdc	TCGA-DQ-7592-01	TCGA-DQ-7592	1	Y236D (driver)	Y236D (driver)	no alteration	no alteration
hnsc_tcga_gdc	TCGA-DQ-7588-01	TCGA-DQ-7588	1	H178Tfs*69 (driver)	H178Tfs*69 (driver)	no alteration	no alteration
hnsc_tcga_gdc	TCGA-DQ-5631-01	TCGA-DQ-5631	1	G245S (driver), E336* (driver)	G245S (driver), E336* (driver)	no alteration	no alteration
hnsc_tcga_gdc	TCGA-DQ-5630-01	TCGA-DQ-5630	1	K320Nfs*19 (driver)	K320Nfs*19 (driver)	no alteration	no alteration
hnsc_tcga_gdc	TCGA-DQ-5629-01	TCGA-DQ-5629	1	V157F (driver)	V157F (driver)	no alteration	no alteration
hnsc_tcga_gdc	TCGA-DQ-5624-01	TCGA-DQ-5624	1	P223Afs*3 (driver)	P223Afs*3 (driver)	no alteration	no alteration
hnsc_tcga_gdc	TCGA-D6-A74Q-01	TCGA-D6-A74Q	1	E68* (driver)	E68* (driver)	no alteration	no alteration
hnsc_tcga_gdc	TCGA-D6-A6EQ-01	TCGA-D6-A6EQ	1	R337C (driver)	R337C (driver)	no alteration	no alteration
hnsc_tcga_gdc	TCGA-D6-A6EP-01	TCGA-D6-A6EP	1	P128Lfs*42 (driver), AMP	P128Lfs*42 (driver)	AMP	AMP
hnsc_tcga_gdc	TCGA-D6-A6EO-01	TCGA-D6-A6EO	1	P191Qfs*51 (driver)	P191Qfs*51 (driver)	no alteration	no alteration
hnsc_tcga_gdc	TCGA-D6-A6EM-01	TCGA-D6-A6EM	1	H179R (driver)	H179R (driver)	no alteration	no alteration
hnsc_tcga_gdc	TCGA-D6-A4ZB-01	TCGA-D6-A4ZB	1	L194R (driver)	L194R (driver)	no alteration	no alteration
hnsc_tcga_gdc	TCGA-D6-A4Z9-01	TCGA-D6-A4Z9	1	Y163C (driver)	Y163C (driver)	no alteration	no alteration
hnsc_tcga_gdc	TCGA-D6-8569-01	TCGA-D6-8569	1	C277G (driver)	C277G (driver)	no alteration	no alteration
hnsc_tcga_gdc	TCGA-D6-8568-01	TCGA-D6-8568	1	Y163H (driver)	Y163H (driver)	no alteration	no alteration
hnsc_tcga_gdc	TCGA-D6-6826-01	TCGA-D6-6826	1	V173G (driver)	V173G (driver)	no alteration	no alteration
hnsc_tcga_gdc	TCGA-D6-6825-01	TCGA-D6-6825	1	X187_splice (driver)	X187_splice (driver)	no alteration	no alteration
hnsc_tcga_gdc	TCGA-D6-6823-01	TCGA-D6-6823	1	L137Q (driver)	L137Q (driver)	no alteration	no alteration
hnsc_tcga_gdc	TCGA-D6-6517-01	TCGA-D6-6517	1	R175H (driver)	R175H (driver)	no alteration	no alteration
hnsc_tcga_gdc	TCGA-D6-6515-01	TCGA-D6-6515	1	R273H (driver)	R273H (driver)	no alteration	no alteration
hnsc_tcga_gdc	TCGA-CX-A4AQ-01	TCGA-CX-A4AQ	1	E286* (driver)	E286* (driver)	no alteration	no alteration
hnsc_tcga_gdc	TCGA-CX-7219-01	TCGA-CX-7219	1	R196P (driver)	R196P (driver)	no alteration	no alteration
hnsc_tcga_gdc	TCGA-CX-7086-01	TCGA-CX-7086	1	E294Sfs*51 (driver)	E294Sfs*51 (driver)	no alteration	no alteration
hnsc_tcga_gdc	TCGA-CX-7082-01	TCGA-CX-7082	1	R213* (driver)	R213* (driver)	no alteration	no alteration
hnsc_tcga_gdc	TCGA-CV-A6K2-01	TCGA-CV-A6K2	1	M246I (driver)	M246I (driver)	no alteration	no alteration
hnsc_tcga_gdc	TCGA-CV-A6K1-01	TCGA-CV-A6K1	1	X224_splice (driver)	X224_splice (driver)	no alteration	no alteration
hnsc_tcga_gdc	TCGA-CV-A6JZ-01	TCGA-CV-A6JZ	1	C176F (driver)	C176F (driver)	no alteration	no alteration
hnsc_tcga_gdc	TCGA-CV-A6JY-01	TCGA-CV-A6JY	1	W146Vfs*3 (driver)	W146Vfs*3 (driver)	no alteration	no alteration
hnsc_tcga_gdc	TCGA-CV-A6JU-01	TCGA-CV-A6JU	1	X224_splice (driver)	X224_splice (driver)	no alteration	no alteration
hnsc_tcga_gdc	TCGA-CV-A6JT-01	TCGA-CV-A6JT	1	Y234C (driver)	Y234C (driver)	no alteration	no alteration
hnsc_tcga_gdc	TCGA-CV-A6JN-01	TCGA-CV-A6JN	1	L137Pfs*32 (driver)	L137Pfs*32 (driver)	no alteration	no alteration
hnsc_tcga_gdc	TCGA-CV-A6JM-01	TCGA-CV-A6JM	1	H193L (driver), R156Hfs*26 (driver)	H193L (driver), R156Hfs*26 (driver)	no alteration	no alteration
hnsc_tcga_gdc	TCGA-CV-A6JE-01	TCGA-CV-A6JE	1	R280S (driver)	R280S (driver)	no alteration	no alteration
hnsc_tcga_gdc	TCGA-CV-A6JD-01	TCGA-CV-A6JD	1	T125M (driver), C141F (driver)	T125M (driver), C141F (driver)	no alteration	no alteration
hnsc_tcga_gdc	TCGA-CV-A468-01	TCGA-CV-A468	1	R342* (driver), F341L (driver)	R342* (driver), F341L (driver)	no alteration	no alteration
hnsc_tcga_gdc	TCGA-CV-A465-01	TCGA-CV-A465	1	R110L (driver)	R110L (driver)	no alteration	no alteration
hnsc_tcga_gdc	TCGA-CV-A464-01	TCGA-CV-A464	1	R175H (driver)	R175H (driver)	no alteration	no alteration
hnsc_tcga_gdc	TCGA-CV-A463-01	TCGA-CV-A463	1	R280K (driver)	R280K (driver)	no alteration	no alteration
hnsc_tcga_gdc	TCGA-CV-A461-01	TCGA-CV-A461	1	Y236C (driver)	Y236C (driver)	no alteration	no alteration
hnsc_tcga_gdc	TCGA-CV-A460-01	TCGA-CV-A460	1	R273H (driver)	R273H (driver)	no alteration	no alteration
hnsc_tcga_gdc	TCGA-CV-A45Z-01	TCGA-CV-A45Z	1	X187_splice (driver), A159P (driver)	X187_splice (driver), A159P (driver)	no alteration	no alteration
hnsc_tcga_gdc	TCGA-CV-A45Y-01	TCGA-CV-A45Y	1	H178Pfs*3 (driver)	H178Pfs*3 (driver)	no alteration	no alteration
hnsc_tcga_gdc	TCGA-CV-A45X-01	TCGA-CV-A45X	1	X32_splice (driver)	X32_splice (driver)	no alteration	no alteration
hnsc_tcga_gdc	TCGA-CV-A45W-01	TCGA-CV-A45W	1	Y220C (driver), E298* (driver)	Y220C (driver), E298* (driver)	no alteration	no alteration
hnsc_tcga_gdc	TCGA-CV-A45U-01	TCGA-CV-A45U	1	E298* (driver)	E298* (driver)	no alteration	no alteration
hnsc_tcga_gdc	TCGA-CV-A45R-01	TCGA-CV-A45R	1	P278S (driver)	P278S (driver)	no alteration	no alteration
hnsc_tcga_gdc	TCGA-CV-A45Q-01	TCGA-CV-A45Q	1	X25_splice (driver)	X25_splice (driver)	no alteration	no alteration
hnsc_tcga_gdc	TCGA-CV-A45P-01	TCGA-CV-A45P	1	R283H (driver)	R283H (driver)	no alteration	no alteration
hnsc_tcga_gdc	TCGA-CV-7568-01	TCGA-CV-7568	1	P278S (driver)	P278S (driver)	not profiled	not profiled
hnsc_tcga_gdc	TCGA-CV-7446-01	TCGA-CV-7446	1	Y163C (driver)	Y163C (driver)	not profiled	not profiled
hnsc_tcga_gdc	TCGA-CV-7438-01	TCGA-CV-7438	1	R213* (driver)	R213* (driver)	no alteration	no alteration
hnsc_tcga_gdc	TCGA-CV-7437-01	TCGA-CV-7437	1	T118Qfs*5 (driver)	T118Qfs*5 (driver)	no alteration	no alteration
hnsc_tcga_gdc	TCGA-CV-7435-01	TCGA-CV-7435	1	Y220C (driver)	Y220C (driver)	no alteration	no alteration
hnsc_tcga_gdc	TCGA-CV-7434-01	TCGA-CV-7434	1	C135Afs*35 (driver)	C135Afs*35 (driver)	no alteration	no alteration
hnsc_tcga_gdc	TCGA-CV-7432-01	TCGA-CV-7432	1	X125_splice (driver), S240Gfs*20 (driver)	X125_splice (driver), S240Gfs*20 (driver)	no alteration	no alteration
hnsc_tcga_gdc	TCGA-CV-7430-01	TCGA-CV-7430	1	Y126C (driver)	Y126C (driver)	no alteration	no alteration
hnsc_tcga_gdc	TCGA-CV-7424-01	TCGA-CV-7424	1	R306* (driver)	R306* (driver)	no alteration	no alteration
hnsc_tcga_gdc	TCGA-CV-7423-01	TCGA-CV-7423	1	E339* (driver)	E339* (driver)	no alteration	no alteration
hnsc_tcga_gdc	TCGA-CV-7422-01	TCGA-CV-7422	1	Q104* (driver)	Q104* (driver)	no alteration	no alteration
hnsc_tcga_gdc	TCGA-CV-7421-01	TCGA-CV-7421	1	S127F (driver)	S127F (driver)	no alteration	no alteration
hnsc_tcga_gdc	TCGA-CV-7418-01	TCGA-CV-7418	1	R249S (driver)	R249S (driver)	no alteration	no alteration
hnsc_tcga_gdc	TCGA-CV-7416-01	TCGA-CV-7416	1	R175H (driver)	R175H (driver)	no alteration	no alteration
hnsc_tcga_gdc	TCGA-CV-7415-01	TCGA-CV-7415	1	M133K (driver)	M133K (driver)	no alteration	no alteration
hnsc_tcga_gdc	TCGA-CV-7414-01	TCGA-CV-7414	1	E285K (driver)	E285K (driver)	no alteration	no alteration
hnsc_tcga_gdc	TCGA-CV-7413-01	TCGA-CV-7413	1	G105C (driver)	G105C (driver)	no alteration	no alteration
hnsc_tcga_gdc	TCGA-CV-7410-01	TCGA-CV-7410	1	V173Afs*72 (driver)	V173Afs*72 (driver)	no alteration	no alteration
hnsc_tcga_gdc	TCGA-CV-7407-01	TCGA-CV-7407	1	R175H (driver), M246I (driver)	R175H (driver), M246I (driver)	no alteration	no alteration
hnsc_tcga_gdc	TCGA-CV-7263-01	TCGA-CV-7263	1	Y103* (driver)	Y103* (driver)	no alteration	no alteration
hnsc_tcga_gdc	TCGA-CV-7255-01	TCGA-CV-7255	1	R306* (driver)	R306* (driver)	no alteration	no alteration
hnsc_tcga_gdc	TCGA-CV-7254-01	TCGA-CV-7254	1	E258A (driver)	E258A (driver)	no alteration	no alteration
hnsc_tcga_gdc	TCGA-CV-7253-01	TCGA-CV-7253	1	E271V (driver)	E271V (driver)	no alteration	no alteration
hnsc_tcga_gdc	TCGA-CV-7252-01	TCGA-CV-7252	1	Q52* (driver), I195Lfs*53 (driver)	Q52* (driver), I195Lfs*53 (driver)	no alteration	no alteration
hnsc_tcga_gdc	TCGA-CV-7248-01	TCGA-CV-7248	1	C242F (driver)	C242F (driver)	no alteration	no alteration
hnsc_tcga_gdc	TCGA-CV-7247-01	TCGA-CV-7247	1	K132N (driver)	K132N (driver)	no alteration	no alteration
hnsc_tcga_gdc	TCGA-CV-7245-01	TCGA-CV-7245	1	R282W (driver)	R282W (driver)	no alteration	no alteration
hnsc_tcga_gdc	TCGA-CV-7243-01	TCGA-CV-7243	1	T155_A161del (driver)	T155_A161del (driver)	no alteration	no alteration
hnsc_tcga_gdc	TCGA-CV-7242-01	TCGA-CV-7242	1	V173M (driver)	V173M (driver)	no alteration	no alteration
hnsc_tcga_gdc	TCGA-CV-7238-01	TCGA-CV-7238	1	R196* (driver)	R196* (driver)	no alteration	no alteration
hnsc_tcga_gdc	TCGA-CV-7236-01	TCGA-CV-7236	1	V143M (driver)	V143M (driver)	no alteration	no alteration
hnsc_tcga_gdc	TCGA-CV-7235-01	TCGA-CV-7235	1	Y234C (driver)	Y234C (driver)	no alteration	no alteration
hnsc_tcga_gdc	TCGA-CV-7180-01	TCGA-CV-7180	1	R248W (driver)	R248W (driver)	no alteration	no alteration
hnsc_tcga_gdc	TCGA-CV-7178-01	TCGA-CV-7178	1	N268_R273del (driver)	N268_R273del (driver)	no alteration	no alteration
hnsc_tcga_gdc	TCGA-CV-7177-01	TCGA-CV-7177	1	P151H (driver)	P151H (driver)	no alteration	no alteration
hnsc_tcga_gdc	TCGA-CV-7104-01	TCGA-CV-7104	1	Q38* (driver), X225_splice (driver)	Q38* (driver), X225_splice (driver)	no alteration	no alteration
hnsc_tcga_gdc	TCGA-CV-7103-01	TCGA-CV-7103	1	P151Rfs*27 (driver)	P151Rfs*27 (driver)	no alteration	no alteration
hnsc_tcga_gdc	TCGA-CV-7102-01	TCGA-CV-7102	1	G266E (driver)	G266E (driver)	no alteration	no alteration
hnsc_tcga_gdc	TCGA-CV-7101-01	TCGA-CV-7101	1	E171* (driver)	E171* (driver)	no alteration	no alteration
hnsc_tcga_gdc	TCGA-CV-7099-01	TCGA-CV-7099	1	E285K (driver)	E285K (driver)	no alteration	no alteration
hnsc_tcga_gdc	TCGA-CV-7097-01	TCGA-CV-7097	1	X331_splice (driver)	X331_splice (driver)	no alteration	no alteration
hnsc_tcga_gdc	TCGA-CV-7095-01	TCGA-CV-7095	1	R196* (driver)	R196* (driver)	no alteration	no alteration
hnsc_tcga_gdc	TCGA-CV-7091-01	TCGA-CV-7091	1	P27Lfs*17 (driver)	P27Lfs*17 (driver)	no alteration	no alteration
hnsc_tcga_gdc	TCGA-CV-7090-01	TCGA-CV-7090	1	R273H (driver)	R273H (driver)	no alteration	no alteration
hnsc_tcga_gdc	TCGA-CV-7089-01	TCGA-CV-7089	1	Y163C (driver)	Y163C (driver)	no alteration	no alteration
hnsc_tcga_gdc	TCGA-CV-6962-01	TCGA-CV-6962	1	H193R (driver)	H193R (driver)	no alteration	no alteration
hnsc_tcga_gdc	TCGA-CV-6959-01	TCGA-CV-6959	1	S99Rfs*23 (driver)	S99Rfs*23 (driver)	no alteration	no alteration
hnsc_tcga_gdc	TCGA-CV-6956-01	TCGA-CV-6956	1	R110Wfs*12 (driver)	R110Wfs*12 (driver)	no alteration	no alteration
hnsc_tcga_gdc	TCGA-CV-6954-01	TCGA-CV-6954	1	K139Pfs*19 (driver)	K139Pfs*19 (driver)	no alteration	no alteration
hnsc_tcga_gdc	TCGA-CV-6953-01	TCGA-CV-6953	1	R248W (driver)	R248W (driver)	no alteration	no alteration
hnsc_tcga_gdc	TCGA-CV-6951-01	TCGA-CV-6951	1	T211I (driver)	T211I (driver)	no alteration	no alteration
hnsc_tcga_gdc	TCGA-CV-6950-01	TCGA-CV-6950	1	V203Gfs*44 (driver)	V203Gfs*44 (driver)	no alteration	no alteration
hnsc_tcga_gdc	TCGA-CV-6948-01	TCGA-CV-6948	1	X307_splice (driver), G302Efs*3 (driver)	X307_splice (driver), G302Efs*3 (driver)	no alteration	no alteration
hnsc_tcga_gdc	TCGA-CV-6945-01	TCGA-CV-6945	1	H193L (driver)	H193L (driver)	no alteration	no alteration
hnsc_tcga_gdc	TCGA-CV-6943-01	TCGA-CV-6943	1	R248W (driver)	R248W (driver)	no alteration	no alteration
hnsc_tcga_gdc	TCGA-CV-6942-01	TCGA-CV-6942	1	Q331* (driver), R213* (driver)	Q331* (driver), R213* (driver)	no alteration	no alteration
hnsc_tcga_gdc	TCGA-CV-6941-01	TCGA-CV-6941	1	P177_C182del (driver)	P177_C182del (driver)	no alteration	no alteration
hnsc_tcga_gdc	TCGA-CV-6940-01	TCGA-CV-6940	1	V274_G279del (driver)	V274_G279del (driver)	no alteration	no alteration
hnsc_tcga_gdc	TCGA-CV-6937-01	TCGA-CV-6937	1	L206Wfs*41 (driver)	L206Wfs*41 (driver)	no alteration	no alteration
hnsc_tcga_gdc	TCGA-CV-6936-01	TCGA-CV-6936	1	V173L (driver)	V173L (driver)	no alteration	no alteration
hnsc_tcga_gdc	TCGA-CV-6935-01	TCGA-CV-6935	1	C242S (driver)	C242S (driver)	no alteration	no alteration
hnsc_tcga_gdc	TCGA-CV-6934-01	TCGA-CV-6934	1	Y205C (driver)	Y205C (driver)	no alteration	no alteration
hnsc_tcga_gdc	TCGA-CV-6933-01	TCGA-CV-6933	1	Q192* (driver)	Q192* (driver)	no alteration	no alteration
hnsc_tcga_gdc	TCGA-CV-6003-01	TCGA-CV-6003	1	R342* (driver)	R342* (driver)	no alteration	no alteration
hnsc_tcga_gdc	TCGA-CV-5979-01	TCGA-CV-5979	1	R248Q (driver)	R248Q (driver)	no alteration	no alteration
hnsc_tcga_gdc	TCGA-CV-5978-01	TCGA-CV-5978	1	V172F (driver)	V172F (driver)	no alteration	no alteration
hnsc_tcga_gdc	TCGA-CV-5977-01	TCGA-CV-5977	1	E286K (driver), X331_splice (driver)	E286K (driver), X331_splice (driver)	no alteration	no alteration
hnsc_tcga_gdc	TCGA-CV-5976-01	TCGA-CV-5976	1	R110L (driver), Y220C (driver)	R110L (driver), Y220C (driver)	no alteration	no alteration
hnsc_tcga_gdc	TCGA-CV-5973-01	TCGA-CV-5973	1	R282W (driver)	R282W (driver)	no alteration	no alteration
hnsc_tcga_gdc	TCGA-CV-5966-01	TCGA-CV-5966	1	P151T (driver)	P151T (driver)	no alteration	no alteration
hnsc_tcga_gdc	TCGA-CV-5444-01	TCGA-CV-5444	1	K139_P142delinsT (driver), M1? (driver)	K139_P142delinsT (driver), M1? (driver)	no alteration	no alteration
hnsc_tcga_gdc	TCGA-CV-5440-01	TCGA-CV-5440	1	C176Y (driver), R110L (driver)	C176Y (driver), R110L (driver)	no alteration	no alteration
hnsc_tcga_gdc	TCGA-CV-5439-01	TCGA-CV-5439	1	Q317Pfs*20 (driver)	Q317Pfs*20 (driver)	no alteration	no alteration
hnsc_tcga_gdc	TCGA-CV-5436-01	TCGA-CV-5436	1	G266E (driver), E56* (driver)	G266E (driver), E56* (driver)	no alteration	no alteration
hnsc_tcga_gdc	TCGA-CV-5435-01	TCGA-CV-5435	1	W91* (driver)	W91* (driver)	no alteration	no alteration
hnsc_tcga_gdc	TCGA-CV-5434-01	TCGA-CV-5434	1	Y236C (driver), R213* (driver)	Y236C (driver), R213* (driver)	no alteration	no alteration
hnsc_tcga_gdc	TCGA-CV-5432-01	TCGA-CV-5432	1	X307_splice (driver), AMP	X307_splice (driver)	AMP	AMP
hnsc_tcga_gdc	TCGA-CV-5430-01	TCGA-CV-5430	1	S90Vfs*55 (driver)	S90Vfs*55 (driver)	no alteration	no alteration
hnsc_tcga_gdc	TCGA-CR-7402-01	TCGA-CR-7402	1	R267P (driver)	R267P (driver)	no alteration	no alteration
hnsc_tcga_gdc	TCGA-CR-7401-01	TCGA-CR-7401	1	X224_splice (driver)	X224_splice (driver)	no alteration	no alteration
hnsc_tcga_gdc	TCGA-CR-7399-01	TCGA-CR-7399	1	R213L (driver), P278S (driver)	R213L (driver), P278S (driver)	no alteration	no alteration
hnsc_tcga_gdc	TCGA-CR-7398-01	TCGA-CR-7398	1	R337L (driver)	R337L (driver)	no alteration	no alteration
hnsc_tcga_gdc	TCGA-CR-7397-01	TCGA-CR-7397	1	R248W (driver)	R248W (driver)	no alteration	no alteration
hnsc_tcga_gdc	TCGA-CR-7390-01	TCGA-CR-7390	1	S106R (driver)	S106R (driver)	no alteration	no alteration
hnsc_tcga_gdc	TCGA-CR-7389-01	TCGA-CR-7389	1	S37Pfs*7 (driver)	S37Pfs*7 (driver)	no alteration	no alteration
hnsc_tcga_gdc	TCGA-CR-7388-01	TCGA-CR-7388	1	R273C (driver)	R273C (driver)	no alteration	no alteration
hnsc_tcga_gdc	TCGA-CR-7386-01	TCGA-CR-7386	1	T211Ffs*4 (driver)	T211Ffs*4 (driver)	no alteration	no alteration
hnsc_tcga_gdc	TCGA-CR-7383-01	TCGA-CR-7383	1	X331_splice (driver)	X331_splice (driver)	no alteration	no alteration
hnsc_tcga_gdc	TCGA-CR-7380-01	TCGA-CR-7380	1	R282W (driver)	R282W (driver)	not profiled	not profiled
hnsc_tcga_gdc	TCGA-CR-7379-01	TCGA-CR-7379	1	Q136H (driver)	Q136H (driver)	no alteration	no alteration
hnsc_tcga_gdc	TCGA-CR-7377-01	TCGA-CR-7377	1	R306* (driver)	R306* (driver)	no alteration	no alteration
hnsc_tcga_gdc	TCGA-CR-7376-01	TCGA-CR-7376	1	R280S (driver), X32_splice (driver)	R280S (driver), X32_splice (driver)	no alteration	no alteration
hnsc_tcga_gdc	TCGA-CR-7374-01	TCGA-CR-7374	1	G154Afs*16 (driver)	G154Afs*16 (driver)	no alteration	no alteration
hnsc_tcga_gdc	TCGA-CR-7373-01	TCGA-CR-7373	1	R267G (driver)	R267G (driver)	no alteration	no alteration
hnsc_tcga_gdc	TCGA-CR-7372-01	TCGA-CR-7372	1	A79Sfs*69 (driver)	A79Sfs*69 (driver)	no alteration	no alteration
hnsc_tcga_gdc	TCGA-CR-7371-01	TCGA-CR-7371	1	R175H (driver)	R175H (driver)	no alteration	no alteration
hnsc_tcga_gdc	TCGA-CR-7370-01	TCGA-CR-7370	1	X367_splice (driver), C238S (driver)	X367_splice (driver), C238S (driver)	no alteration	no alteration
hnsc_tcga_gdc	TCGA-CR-7368-01	TCGA-CR-7368	1	R248Q (driver)	R248Q (driver)	no alteration	no alteration
hnsc_tcga_gdc	TCGA-CR-7365-01	TCGA-CR-7365	1	V216M (driver)	V216M (driver)	no alteration	no alteration
hnsc_tcga_gdc	TCGA-CR-7364-01	TCGA-CR-7364	1	P85Lfs*38 (driver)	P85Lfs*38 (driver)	no alteration	no alteration
hnsc_tcga_gdc	TCGA-CR-6493-01	TCGA-CR-6493	1	S127Y (driver), C229Yfs*10 (driver)	S127Y (driver), C229Yfs*10 (driver)	no alteration	no alteration
hnsc_tcga_gdc	TCGA-CR-6491-01	TCGA-CR-6491	1	H179R (driver), M237V (driver)	H179R (driver), M237V (driver)	no alteration	no alteration
hnsc_tcga_gdc	TCGA-CR-6484-01	TCGA-CR-6484	1	R196* (driver)	R196* (driver)	no alteration	no alteration
hnsc_tcga_gdc	TCGA-CR-6478-01	TCGA-CR-6478	1	H179R (driver)	H179R (driver)	no alteration	no alteration
hnsc_tcga_gdc	TCGA-CR-6477-01	TCGA-CR-6477	1	R342Efs*3 (driver)	R342Efs*3 (driver)	no alteration	no alteration
hnsc_tcga_gdc	TCGA-CR-6474-01	TCGA-CR-6474	1	G245V (driver)	G245V (driver)	no alteration	no alteration
hnsc_tcga_gdc	TCGA-CQ-A4CI-01	TCGA-CQ-A4CI	1	X306_splice (driver)	X306_splice (driver)	no alteration	no alteration
hnsc_tcga_gdc	TCGA-CQ-A4CH-01	TCGA-CQ-A4CH	1	L32Cfs*12 (driver)	L32Cfs*12 (driver)	no alteration	no alteration
hnsc_tcga_gdc	TCGA-CQ-A4CE-01	TCGA-CQ-A4CE	1	R196* (driver)	R196* (driver)	no alteration	no alteration
hnsc_tcga_gdc	TCGA-CQ-A4CD-01	TCGA-CQ-A4CD	1	Q136E (driver), L383Cfs*38 (driver)	Q136E (driver), L383Cfs*38 (driver)	no alteration	no alteration
hnsc_tcga_gdc	TCGA-CQ-A4CB-01	TCGA-CQ-A4CB	1	V218G (driver)	V218G (driver)	no alteration	no alteration
hnsc_tcga_gdc	TCGA-CQ-A4C9-01	TCGA-CQ-A4C9	1	H179L (driver)	H179L (driver)	no alteration	no alteration
hnsc_tcga_gdc	TCGA-CQ-A4C7-01	TCGA-CQ-A4C7	1	K305* (driver)	K305* (driver)	no alteration	no alteration
hnsc_tcga_gdc	TCGA-CQ-A4C6-01	TCGA-CQ-A4C6	1	E294* (driver)	E294* (driver)	no alteration	no alteration
hnsc_tcga_gdc	TCGA-CQ-7072-01	TCGA-CQ-7072	1	V157F (driver)	V157F (driver)	no alteration	no alteration
hnsc_tcga_gdc	TCGA-CQ-7065-01	TCGA-CQ-7065	1	H179P (driver)	H179P (driver)	no alteration	no alteration
hnsc_tcga_gdc	TCGA-CQ-7064-01	TCGA-CQ-7064	1	G245S (driver), Y163C (driver)	G245S (driver), Y163C (driver)	no alteration	no alteration
hnsc_tcga_gdc	TCGA-CQ-7063-01	TCGA-CQ-7063	1	H179N (driver)	H179N (driver)	no alteration	no alteration
hnsc_tcga_gdc	TCGA-CQ-6229-01	TCGA-CQ-6229	1	R213* (driver)	R213* (driver)	no alteration	no alteration
hnsc_tcga_gdc	TCGA-CQ-6228-01	TCGA-CQ-6228	1	K101* (driver)	K101* (driver)	no alteration	no alteration
hnsc_tcga_gdc	TCGA-CQ-6227-01	TCGA-CQ-6227	1	R273H (driver)	R273H (driver)	no alteration	no alteration
hnsc_tcga_gdc	TCGA-CQ-6225-01	TCGA-CQ-6225	1	C176S (driver)	C176S (driver)	no alteration	no alteration
hnsc_tcga_gdc	TCGA-CQ-6224-01	TCGA-CQ-6224	1	R248Q (driver)	R248Q (driver)	no alteration	no alteration
hnsc_tcga_gdc	TCGA-CQ-6223-01	TCGA-CQ-6223	1	A159V (driver)	A159V (driver)	no alteration	no alteration
hnsc_tcga_gdc	TCGA-CQ-6222-01	TCGA-CQ-6222	1	R213* (driver)	R213* (driver)	no alteration	no alteration
hnsc_tcga_gdc	TCGA-CQ-6221-01	TCGA-CQ-6221	1	V272M (driver)	V272M (driver)	no alteration	no alteration
hnsc_tcga_gdc	TCGA-CQ-6220-01	TCGA-CQ-6220	1	R280G (driver)	R280G (driver)	no alteration	no alteration
hnsc_tcga_gdc	TCGA-CQ-6219-01	TCGA-CQ-6219	1	R213P (driver)	R213P (driver)	no alteration	no alteration
hnsc_tcga_gdc	TCGA-CQ-6218-01	TCGA-CQ-6218	1	V218G (driver), I195Sfs*52 (driver)	V218G (driver), I195Sfs*52 (driver)	no alteration	no alteration
hnsc_tcga_gdc	TCGA-CQ-5334-01	TCGA-CQ-5334	1	R158H (driver), S166* (driver)	R158H (driver), S166* (driver)	no alteration	no alteration
hnsc_tcga_gdc	TCGA-CQ-5333-01	TCGA-CQ-5333	1	C176F (driver)	C176F (driver)	no alteration	no alteration
hnsc_tcga_gdc	TCGA-CQ-5332-01	TCGA-CQ-5332	1	P151S (driver)	P151S (driver)	no alteration	no alteration
hnsc_tcga_gdc	TCGA-CQ-5331-01	TCGA-CQ-5331	1	X307_splice (driver)	X307_splice (driver)	no alteration	no alteration
hnsc_tcga_gdc	TCGA-CQ-5330-01	TCGA-CQ-5330	1	G266R (driver)	G266R (driver)	no alteration	no alteration
hnsc_tcga_gdc	TCGA-CQ-5329-01	TCGA-CQ-5329	1	R273H (driver)	R273H (driver)	no alteration	no alteration
hnsc_tcga_gdc	TCGA-CQ-5326-01	TCGA-CQ-5326	1	R249S (driver), X32_splice (driver)	R249S (driver), X32_splice (driver)	no alteration	no alteration
hnsc_tcga_gdc	TCGA-CN-A6V3-01	TCGA-CN-A6V3	1	G105V (driver)	G105V (driver)	no alteration	no alteration
hnsc_tcga_gdc	TCGA-CN-A641-01	TCGA-CN-A641	1	D281Y (driver)	D281Y (driver)	no alteration	no alteration
hnsc_tcga_gdc	TCGA-CN-A640-01	TCGA-CN-A640	1	V157Pfs*23 (driver)	V157Pfs*23 (driver)	no alteration	no alteration
hnsc_tcga_gdc	TCGA-CN-A63W-01	TCGA-CN-A63W	1	E298* (driver)	E298* (driver)	no alteration	no alteration
hnsc_tcga_gdc	TCGA-CN-A63U-01	TCGA-CN-A63U	1	X225_splice (driver)	X225_splice (driver)	no alteration	no alteration
hnsc_tcga_gdc	TCGA-CN-A63T-01	TCGA-CN-A63T	1	V157F (driver)	V157F (driver)	no alteration	no alteration
hnsc_tcga_gdc	TCGA-CN-A49B-01	TCGA-CN-A49B	1	R282W (driver)	R282W (driver)	no alteration	no alteration
hnsc_tcga_gdc	TCGA-CN-A498-01	TCGA-CN-A498	1	H297Pfs*48 (driver)	H297Pfs*48 (driver)	no alteration	no alteration
hnsc_tcga_gdc	TCGA-CN-A497-01	TCGA-CN-A497	1	R283P (driver)	R283P (driver)	no alteration	no alteration
hnsc_tcga_gdc	TCGA-CN-6998-01	TCGA-CN-6998	1	R306* (driver)	R306* (driver)	no alteration	no alteration
hnsc_tcga_gdc	TCGA-CN-6997-01	TCGA-CN-6997	1	Q136* (driver)	Q136* (driver)	no alteration	no alteration
hnsc_tcga_gdc	TCGA-CN-6996-01	TCGA-CN-6996	1	C238F (driver)	C238F (driver)	no alteration	no alteration
hnsc_tcga_gdc	TCGA-CN-6995-01	TCGA-CN-6995	1	E298* (driver), L330Ffs*15 (driver)	E298* (driver), L330Ffs*15 (driver)	no alteration	no alteration
hnsc_tcga_gdc	TCGA-CN-6994-01	TCGA-CN-6994	1	R175H (driver), R283P (driver)	R175H (driver), R283P (driver)	no alteration	no alteration
hnsc_tcga_gdc	TCGA-CN-6992-01	TCGA-CN-6992	1	G245D (driver), R249M (driver), Q331H (driver)	G245D (driver), R249M (driver), Q331H (driver)	no alteration	no alteration
hnsc_tcga_gdc	TCGA-CN-6989-01	TCGA-CN-6989	1	T256Hfs*8 (driver)	T256Hfs*8 (driver)	no alteration	no alteration
hnsc_tcga_gdc	TCGA-CN-6988-01	TCGA-CN-6988	1	K139Cfs*6 (driver)	K139Cfs*6 (driver)	no alteration	no alteration
hnsc_tcga_gdc	TCGA-CN-6024-01	TCGA-CN-6024	1	L265R (driver)	L265R (driver)	no alteration	no alteration
hnsc_tcga_gdc	TCGA-CN-6023-01	TCGA-CN-6023	1	G245S (driver)	G245S (driver)	no alteration	no alteration
hnsc_tcga_gdc	TCGA-CN-6022-01	TCGA-CN-6022	1	R248W (driver), X261_splice (driver)	R248W (driver), X261_splice (driver)	no alteration	no alteration
hnsc_tcga_gdc	TCGA-CN-6021-01	TCGA-CN-6021	1	R65Qfs*84 (driver)	R65Qfs*84 (driver)	no alteration	no alteration
hnsc_tcga_gdc	TCGA-CN-6020-01	TCGA-CN-6020	1	E224D (driver)	E224D (driver)	no alteration	no alteration
hnsc_tcga_gdc	TCGA-CN-6019-01	TCGA-CN-6019	1	X332_splice (driver)	X332_splice (driver)	not profiled	not profiled
hnsc_tcga_gdc	TCGA-CN-6018-01	TCGA-CN-6018	1	R248W (driver)	R248W (driver)	no alteration	no alteration
hnsc_tcga_gdc	TCGA-CN-6016-01	TCGA-CN-6016	1	G245S (driver)	G245S (driver)	no alteration	no alteration
hnsc_tcga_gdc	TCGA-CN-6013-01	TCGA-CN-6013	1	R282W (driver)	R282W (driver)	no alteration	no alteration
hnsc_tcga_gdc	TCGA-CN-6012-01	TCGA-CN-6012	1	Y126S (driver)	Y126S (driver)	no alteration	no alteration
hnsc_tcga_gdc	TCGA-CN-6011-01	TCGA-CN-6011	1	P278S (driver), Y205* (driver)	P278S (driver), Y205* (driver)	no alteration	no alteration
hnsc_tcga_gdc	TCGA-CN-6010-01	TCGA-CN-6010	1	X125_splice (driver)	X125_splice (driver)	no alteration	no alteration
hnsc_tcga_gdc	TCGA-CN-5373-01	TCGA-CN-5373	1	G245V (driver)	G245V (driver)	no alteration	no alteration
hnsc_tcga_gdc	TCGA-CN-5370-01	TCGA-CN-5370	1	R175H (driver), X126_splice (driver)	R175H (driver), X126_splice (driver)	no alteration	no alteration
hnsc_tcga_gdc	TCGA-CN-5367-01	TCGA-CN-5367	1	R273C (driver), A161T (driver)	R273C (driver), A161T (driver)	no alteration	no alteration
hnsc_tcga_gdc	TCGA-CN-5366-01	TCGA-CN-5366	1	V173M (driver)	V173M (driver)	no alteration	no alteration
hnsc_tcga_gdc	TCGA-CN-5365-01	TCGA-CN-5365	1	H193L (driver)	H193L (driver)	no alteration	no alteration
hnsc_tcga_gdc	TCGA-CN-5364-01	TCGA-CN-5364	1	E298* (driver)	E298* (driver)	no alteration	no alteration
hnsc_tcga_gdc	TCGA-CN-5360-01	TCGA-CN-5360	1	G154Afs*16 (driver), P152Rfs*18 (driver)	G154Afs*16 (driver), P152Rfs*18 (driver)	no alteration	no alteration
hnsc_tcga_gdc	TCGA-CN-5359-01	TCGA-CN-5359	1	L201* (driver)	L201* (driver)	no alteration	no alteration
hnsc_tcga_gdc	TCGA-CN-5358-01	TCGA-CN-5358	1	R209Kfs*6 (driver)	R209Kfs*6 (driver)	not profiled	not profiled
hnsc_tcga_gdc	TCGA-CN-5356-01	TCGA-CN-5356	1	R273H (driver)	R273H (driver)	no alteration	no alteration
hnsc_tcga_gdc	TCGA-CN-5355-01	TCGA-CN-5355	1	X331_splice (driver)	X331_splice (driver)	no alteration	no alteration
hnsc_tcga_gdc	TCGA-CN-4742-01	TCGA-CN-4742	1	E294* (driver)	E294* (driver)	no alteration	no alteration
hnsc_tcga_gdc	TCGA-CN-4740-01	TCGA-CN-4740	1	X33_splice (driver)	X33_splice (driver)	no alteration	no alteration
hnsc_tcga_gdc	TCGA-CN-4739-01	TCGA-CN-4739	1	R337C (driver)	R337C (driver)	no alteration	no alteration
hnsc_tcga_gdc	TCGA-CN-4738-01	TCGA-CN-4738	1	Q331* (driver)	Q331* (driver)	no alteration	no alteration
hnsc_tcga_gdc	TCGA-CN-4737-01	TCGA-CN-4737	1	H168L (driver)	H168L (driver)	no alteration	no alteration
hnsc_tcga_gdc	TCGA-CN-4736-01	TCGA-CN-4736	1	H179Y (driver), H193P (driver)	H179Y (driver), H193P (driver)	no alteration	no alteration
hnsc_tcga_gdc	TCGA-CN-4735-01	TCGA-CN-4735	1	M237I (driver)	M237I (driver)	no alteration	no alteration
hnsc_tcga_gdc	TCGA-CN-4733-01	TCGA-CN-4733	1	R273H (driver)	R273H (driver)	no alteration	no alteration
hnsc_tcga_gdc	TCGA-CN-4731-01	TCGA-CN-4731	1	E171* (driver)	E171* (driver)	no alteration	no alteration
hnsc_tcga_gdc	TCGA-CN-4729-01	TCGA-CN-4729	1	H179R (driver), V157F (driver)	H179R (driver), V157F (driver)	no alteration	no alteration
hnsc_tcga_gdc	TCGA-CN-4728-01	TCGA-CN-4728	1	P58Qfs*65 (driver)	P58Qfs*65 (driver)	no alteration	no alteration
hnsc_tcga_gdc	TCGA-CN-4727-01	TCGA-CN-4727	1	E298* (driver)	E298* (driver)	no alteration	no alteration
hnsc_tcga_gdc	TCGA-CN-4726-01	TCGA-CN-4726	1	X125_splice (driver)	X125_splice (driver)	no alteration	no alteration
hnsc_tcga_gdc	TCGA-CN-4725-01	TCGA-CN-4725	1	R337L (driver)	R337L (driver)	no alteration	no alteration
hnsc_tcga_gdc	TCGA-CN-4723-01	TCGA-CN-4723	1	C242F (driver)	C242F (driver)	no alteration	no alteration
hnsc_tcga_gdc	TCGA-C9-A480-01	TCGA-C9-A480	1	G245D (driver)	G245D (driver)	no alteration	no alteration
hnsc_tcga_gdc	TCGA-C9-A47Z-01	TCGA-C9-A47Z	1	I195T (driver), Y103Lfs*46 (driver)	I195T (driver), Y103Lfs*46 (driver)	no alteration	no alteration
hnsc_tcga_gdc	TCGA-BB-A6UO-01	TCGA-BB-A6UO	1	X307_splice (driver)	X307_splice (driver)	no alteration	no alteration
hnsc_tcga_gdc	TCGA-BB-A5HZ-01	TCGA-BB-A5HZ	1	R248W (driver), E180K (driver)	R248W (driver), E180K (driver)	no alteration	no alteration
hnsc_tcga_gdc	TCGA-BB-A5HY-01	TCGA-BB-A5HY	1	D184Afs*62 (driver)	D184Afs*62 (driver)	no alteration	no alteration
hnsc_tcga_gdc	TCGA-BB-A5HU-01	TCGA-BB-A5HU	1	C176Y (driver)	C176Y (driver)	no alteration	no alteration
hnsc_tcga_gdc	TCGA-BB-8601-01	TCGA-BB-8601	1	T329Hfs*8 (driver)	T329Hfs*8 (driver)	no alteration	no alteration
hnsc_tcga_gdc	TCGA-BB-7870-01	TCGA-BB-7870	1	G199Efs*48 (driver)	G199Efs*48 (driver)	no alteration	no alteration
hnsc_tcga_gdc	TCGA-BB-4227-01	TCGA-BB-4227	1	R213* (driver)	R213* (driver)	no alteration	no alteration
hnsc_tcga_gdc	TCGA-BB-4224-01	TCGA-BB-4224	1	Q144* (driver), P219Lfs*2 (driver)	Q144* (driver), P219Lfs*2 (driver)	no alteration	no alteration
hnsc_tcga_gdc	TCGA-BA-A8YP-01	TCGA-BA-A8YP	1	Q167* (driver)	Q167* (driver)	no alteration	no alteration
hnsc_tcga_gdc	TCGA-BA-A6DL-01	TCGA-BA-A6DL	1	G105V (driver), G244V (driver)	G105V (driver), G244V (driver)	no alteration	no alteration
hnsc_tcga_gdc	TCGA-BA-A6DI-01	TCGA-BA-A6DI	1	C176Y (driver)	C176Y (driver)	no alteration	no alteration
hnsc_tcga_gdc	TCGA-BA-A6DG-01	TCGA-BA-A6DG	1	R280G (driver)	R280G (driver)	no alteration	no alteration
hnsc_tcga_gdc	TCGA-BA-A6DE-01	TCGA-BA-A6DE	1	V173M (driver)	V173M (driver)	no alteration	no alteration
hnsc_tcga_gdc	TCGA-BA-A6DD-01	TCGA-BA-A6DD	1	R273H (driver)	R273H (driver)	no alteration	no alteration
hnsc_tcga_gdc	TCGA-BA-A6DB-01	TCGA-BA-A6DB	1	R273C (driver)	R273C (driver)	no alteration	no alteration
hnsc_tcga_gdc	TCGA-BA-A6DA-01	TCGA-BA-A6DA	1	V272M (driver)	V272M (driver)	no alteration	no alteration
hnsc_tcga_gdc	TCGA-BA-A6D8-01	TCGA-BA-A6D8	1	X125_splice (driver), X367_splice (driver)	X125_splice (driver), X367_splice (driver)	no alteration	no alteration
hnsc_tcga_gdc	TCGA-BA-A4II-01	TCGA-BA-A4II	1	A276D (driver)	A276D (driver)	no alteration	no alteration
hnsc_tcga_gdc	TCGA-BA-A4IF-01	TCGA-BA-A4IF	1	F134V (driver)	F134V (driver)	no alteration	no alteration
hnsc_tcga_gdc	TCGA-BA-7269-01	TCGA-BA-7269	1	E224* (driver)	E224* (driver)	no alteration	no alteration
hnsc_tcga_gdc	TCGA-BA-6873-01	TCGA-BA-6873	1	H193L (driver)	H193L (driver)	no alteration	no alteration
hnsc_tcga_gdc	TCGA-BA-6872-01	TCGA-BA-6872	1	R175H (driver)	R175H (driver)	no alteration	no alteration
hnsc_tcga_gdc	TCGA-BA-6870-01	TCGA-BA-6870	1	C242Y (driver)	C242Y (driver)	no alteration	no alteration
hnsc_tcga_gdc	TCGA-BA-6869-01	TCGA-BA-6869	1	C238F (driver), R156P (driver)	C238F (driver), R156P (driver)	no alteration	no alteration
hnsc_tcga_gdc	TCGA-BA-6868-01	TCGA-BA-6868	1	L194P (driver)	L194P (driver)	no alteration	no alteration
hnsc_tcga_gdc	TCGA-BA-5558-01	TCGA-BA-5558	1	R175H (driver)	R175H (driver)	no alteration	no alteration
hnsc_tcga_gdc	TCGA-BA-5557-01	TCGA-BA-5557	1	L201* (driver)	L201* (driver)	no alteration	no alteration
hnsc_tcga_gdc	TCGA-BA-5555-01	TCGA-BA-5555	1	Y236C (driver)	Y236C (driver)	no alteration	no alteration
hnsc_tcga_gdc	TCGA-BA-5152-01	TCGA-BA-5152	1	G245S (driver)	G245S (driver)	no alteration	no alteration
hnsc_tcga_gdc	TCGA-BA-5151-01	TCGA-BA-5151	1	V143M (driver)	V143M (driver)	no alteration	no alteration
hnsc_tcga_gdc	TCGA-BA-4078-01	TCGA-BA-4078	1	X225_splice (driver)	X225_splice (driver)	no alteration	no alteration
hnsc_tcga_gdc	TCGA-BA-4076-01	TCGA-BA-4076	1	V73Rfs*76 (driver), Q136P (driver)	V73Rfs*76 (driver), Q136P (driver)	no alteration	no alteration
hnsc_tcga_gdc	TCGA-BA-4075-01	TCGA-BA-4075	1	X307_splice (driver)	X307_splice (driver)	no alteration	no alteration
hnsc_tcga_gdc	TCGA-BA-4074-01	TCGA-BA-4074	1	E258D (driver)	E258D (driver)	no alteration	no alteration
hnsc_tcga_gdc	TCGA-4P-AA8J-01	TCGA-4P-AA8J	1	E343* (driver)	E343* (driver)	no alteration	no alteration
hnsc_tcga_gdc	TCGA-UP-A6WW-01	TCGA-UP-A6WW	0	no alteration	no alteration	no alteration	no alteration
hnsc_tcga_gdc	TCGA-UF-A7JV-01	TCGA-UF-A7JV	0	no alteration	no alteration	no alteration	no alteration
hnsc_tcga_gdc	TCGA-UF-A7JC-01	TCGA-UF-A7JC	0	no alteration	no alteration	no alteration	no alteration
hnsc_tcga_gdc	TCGA-UF-A71B-01	TCGA-UF-A71B	0	no alteration	no alteration	no alteration	no alteration
hnsc_tcga_gdc	TCGA-TN-A7HL-01	TCGA-TN-A7HL	0	no alteration	no alteration	no alteration	no alteration
hnsc_tcga_gdc	TCGA-TN-A7HI-01	TCGA-TN-A7HI	0	no alteration	no alteration	no alteration	no alteration
hnsc_tcga_gdc	TCGA-T3-A92N-01	TCGA-T3-A92N	0	no alteration	no alteration	no alteration	no alteration
hnsc_tcga_gdc	TCGA-T2-A6X2-01	TCGA-T2-A6X2	0	no alteration	no alteration	no alteration	no alteration
hnsc_tcga_gdc	TCGA-T2-A6X0-01	TCGA-T2-A6X0	0	no alteration	no alteration	no alteration	no alteration
hnsc_tcga_gdc	TCGA-T2-A6WX-01	TCGA-T2-A6WX	0	no alteration	no alteration	no alteration	no alteration
hnsc_tcga_gdc	TCGA-RS-A6TP-01	TCGA-RS-A6TP	0	no alteration	no alteration	no alteration	no alteration
hnsc_tcga_gdc	TCGA-QK-A6V9-01	TCGA-QK-A6V9	0	no alteration	no alteration	no alteration	no alteration
hnsc_tcga_gdc	TCGA-QK-A6II-01	TCGA-QK-A6II	0	no alteration	no alteration	no alteration	no alteration
hnsc_tcga_gdc	TCGA-QK-A6IF-01	TCGA-QK-A6IF	0	no alteration	no alteration	no alteration	no alteration
hnsc_tcga_gdc	TCGA-P3-A6T6-01	TCGA-P3-A6T6	0	no alteration	no alteration	no alteration	no alteration
hnsc_tcga_gdc	TCGA-P3-A6SW-01	TCGA-P3-A6SW	0	no alteration	no alteration	no alteration	no alteration
hnsc_tcga_gdc	TCGA-P3-A5QF-01	TCGA-P3-A5QF	0	no alteration	no alteration	no alteration	no alteration
hnsc_tcga_gdc	TCGA-P3-A5QE-01	TCGA-P3-A5QE	0	no alteration	no alteration	no alteration	no alteration
hnsc_tcga_gdc	TCGA-P3-A5Q5-01	TCGA-P3-A5Q5	0	no alteration	no alteration	no alteration	no alteration
hnsc_tcga_gdc	TCGA-MZ-A6I9-01	TCGA-MZ-A6I9	0	no alteration	no alteration	no alteration	no alteration
hnsc_tcga_gdc	TCGA-MZ-A5BI-01	TCGA-MZ-A5BI	0	no alteration	no alteration	no alteration	no alteration
hnsc_tcga_gdc	TCGA-MT-A67G-01	TCGA-MT-A67G	0	no alteration	no alteration	no alteration	no alteration
hnsc_tcga_gdc	TCGA-MT-A67F-01	TCGA-MT-A67F	0	no alteration	no alteration	no alteration	no alteration
hnsc_tcga_gdc	TCGA-MT-A67D-01	TCGA-MT-A67D	0	no alteration	no alteration	no alteration	no alteration
hnsc_tcga_gdc	TCGA-MT-A67A-01	TCGA-MT-A67A	0	no alteration	no alteration	not profiled	not profiled
hnsc_tcga_gdc	TCGA-MT-A51X-01	TCGA-MT-A51X	0	no alteration	no alteration	no alteration	no alteration
hnsc_tcga_gdc	TCGA-KU-A6H8-01	TCGA-KU-A6H8	0	no alteration	no alteration	no alteration	no alteration
hnsc_tcga_gdc	TCGA-KU-A6H7-06	TCGA-KU-A6H7	0	no alteration	no alteration	no alteration	no alteration
hnsc_tcga_gdc	TCGA-KU-A6H7-01	TCGA-KU-A6H7	0	no alteration	no alteration	no alteration	no alteration
hnsc_tcga_gdc	TCGA-KU-A66S-01	TCGA-KU-A66S	0	no alteration	no alteration	no alteration	no alteration
hnsc_tcga_gdc	TCGA-IQ-A61I-01	TCGA-IQ-A61I	0	no alteration	no alteration	no alteration	no alteration
hnsc_tcga_gdc	TCGA-IQ-7632-01	TCGA-IQ-7632	0	no alteration	no alteration	no alteration	no alteration
hnsc_tcga_gdc	TCGA-IQ-7631-01	TCGA-IQ-7631	0	no alteration	no alteration	no alteration	no alteration
hnsc_tcga_gdc	TCGA-HL-7533-01	TCGA-HL-7533	0	no alteration	not profiled	no alteration	no alteration
hnsc_tcga_gdc	TCGA-HD-A6I0-01	TCGA-HD-A6I0	0	no alteration	no alteration	no alteration	no alteration
hnsc_tcga_gdc	TCGA-HD-A634-01	TCGA-HD-A634	0	no alteration	no alteration	no alteration	no alteration
hnsc_tcga_gdc	TCGA-HD-A4C1-01	TCGA-HD-A4C1	0	no alteration	no alteration	no alteration	no alteration
hnsc_tcga_gdc	TCGA-HD-8314-01	TCGA-HD-8314	0	no alteration	no alteration	no alteration	no alteration
hnsc_tcga_gdc	TCGA-HD-7917-01	TCGA-HD-7917	0	no alteration	not profiled	no alteration	no alteration
hnsc_tcga_gdc	TCGA-HD-7832-01	TCGA-HD-7832	0	no alteration	no alteration	no alteration	no alteration
hnsc_tcga_gdc	TCGA-HD-7754-01	TCGA-HD-7754	0	no alteration	no alteration	no alteration	no alteration
hnsc_tcga_gdc	TCGA-H7-A76A-01	TCGA-H7-A76A	0	no alteration	no alteration	no alteration	no alteration
hnsc_tcga_gdc	TCGA-H7-8502-01	TCGA-H7-8502	0	no alteration	not profiled	no alteration	no alteration
hnsc_tcga_gdc	TCGA-H7-7774-01	TCGA-H7-7774	0	no alteration	no alteration	no alteration	no alteration
hnsc_tcga_gdc	TCGA-F7-A622-01	TCGA-F7-A622	0	no alteration	no alteration	no alteration	no alteration
hnsc_tcga_gdc	TCGA-F7-A50J-01	TCGA-F7-A50J	0	no alteration	no alteration	not profiled	not profiled
hnsc_tcga_gdc	TCGA-F7-8489-01	TCGA-F7-8489	0	no alteration	no alteration	no alteration	no alteration
hnsc_tcga_gdc	TCGA-DQ-7596-01	TCGA-DQ-7596	0	no alteration	no alteration	no alteration	no alteration
hnsc_tcga_gdc	TCGA-DQ-7595-01	TCGA-DQ-7595	0	no alteration	not profiled	no alteration	no alteration
hnsc_tcga_gdc	TCGA-DQ-7594-01	TCGA-DQ-7594	0	no alteration	not profiled	no alteration	no alteration
hnsc_tcga_gdc	TCGA-DQ-7593-01	TCGA-DQ-7593	0	no alteration	no alteration	no alteration	no alteration
hnsc_tcga_gdc	TCGA-DQ-7591-01	TCGA-DQ-7591	0	no alteration	no alteration	no alteration	no alteration
hnsc_tcga_gdc	TCGA-DQ-7590-01	TCGA-DQ-7590	0	no alteration	not profiled	no alteration	no alteration
hnsc_tcga_gdc	TCGA-DQ-7589-01	TCGA-DQ-7589	0	not profiled	not profiled	not profiled	not profiled
hnsc_tcga_gdc	TCGA-DQ-5625-01	TCGA-DQ-5625	0	no alteration	no alteration	no alteration	no alteration
hnsc_tcga_gdc	TCGA-D6-A6ES-01	TCGA-D6-A6ES	0	no alteration	no alteration	no alteration	no alteration
hnsc_tcga_gdc	TCGA-D6-A6EN-01	TCGA-D6-A6EN	0	no alteration	no alteration	no alteration	no alteration
hnsc_tcga_gdc	TCGA-D6-A6EK-01	TCGA-D6-A6EK	0	no alteration	no alteration	no alteration	no alteration
hnsc_tcga_gdc	TCGA-D6-6827-01	TCGA-D6-6827	0	no alteration	no alteration	no alteration	no alteration
hnsc_tcga_gdc	TCGA-D6-6824-01	TCGA-D6-6824	0	no alteration	no alteration	no alteration	no alteration
hnsc_tcga_gdc	TCGA-D6-6516-01	TCGA-D6-6516	0	no alteration	no alteration	no alteration	no alteration
hnsc_tcga_gdc	TCGA-CX-7085-01	TCGA-CX-7085	0	no alteration	no alteration	no alteration	no alteration
hnsc_tcga_gdc	TCGA-CV-A6K0-01	TCGA-CV-A6K0	0	no alteration	no alteration	no alteration	no alteration
hnsc_tcga_gdc	TCGA-CV-A6JO-01	TCGA-CV-A6JO	0	no alteration	no alteration	no alteration	no alteration
hnsc_tcga_gdc	TCGA-CV-A45V-01	TCGA-CV-A45V	0	no alteration	no alteration	no alteration	no alteration
hnsc_tcga_gdc	TCGA-CV-A45T-01	TCGA-CV-A45T	0	no alteration	no alteration	no alteration	no alteration
hnsc_tcga_gdc	TCGA-CV-A45O-01	TCGA-CV-A45O	0	no alteration	no alteration	no alteration	no alteration
hnsc_tcga_gdc	TCGA-CV-7440-01	TCGA-CV-7440	0	no alteration	no alteration	not profiled	not profiled
hnsc_tcga_gdc	TCGA-CV-7433-01	TCGA-CV-7433	0	no alteration	no alteration	no alteration	no alteration
hnsc_tcga_gdc	TCGA-CV-7429-01	TCGA-CV-7429	0	no alteration	no alteration	no alteration	no alteration
hnsc_tcga_gdc	TCGA-CV-7428-01	TCGA-CV-7428	0	no alteration	not profiled	no alteration	no alteration
hnsc_tcga_gdc	TCGA-CV-7427-01	TCGA-CV-7427	0	no alteration	no alteration	no alteration	no alteration
hnsc_tcga_gdc	TCGA-CV-7425-01	TCGA-CV-7425	0	no alteration	no alteration	no alteration	no alteration
hnsc_tcga_gdc	TCGA-CV-7411-01	TCGA-CV-7411	0	no alteration	no alteration	no alteration	no alteration
hnsc_tcga_gdc	TCGA-CV-7409-01	TCGA-CV-7409	0	no alteration	not profiled	no alteration	no alteration
hnsc_tcga_gdc	TCGA-CV-7406-01	TCGA-CV-7406	0	no alteration	no alteration	no alteration	no alteration
hnsc_tcga_gdc	TCGA-CV-7261-01	TCGA-CV-7261	0	no alteration	no alteration	no alteration	no alteration
hnsc_tcga_gdc	TCGA-CV-7250-01	TCGA-CV-7250	0	no alteration	no alteration	no alteration	no alteration
hnsc_tcga_gdc	TCGA-CV-7183-01	TCGA-CV-7183	0	no alteration	no alteration	no alteration	no alteration
hnsc_tcga_gdc	TCGA-CV-7100-01	TCGA-CV-7100	0	no alteration	no alteration	no alteration	no alteration
hnsc_tcga_gdc	TCGA-CV-6961-01	TCGA-CV-6961	0	no alteration	no alteration	no alteration	no alteration
hnsc_tcga_gdc	TCGA-CV-6960-01	TCGA-CV-6960	0	no alteration	no alteration	no alteration	no alteration
hnsc_tcga_gdc	TCGA-CV-6955-01	TCGA-CV-6955	0	no alteration	no alteration	no alteration	no alteration
hnsc_tcga_gdc	TCGA-CV-6952-01	TCGA-CV-6952	0	no alteration	no alteration	no alteration	no alteration
hnsc_tcga_gdc	TCGA-CV-6939-01	TCGA-CV-6939	0	no alteration	no alteration	no alteration	no alteration
hnsc_tcga_gdc	TCGA-CV-6938-01	TCGA-CV-6938	0	no alteration	no alteration	no alteration	no alteration
hnsc_tcga_gdc	TCGA-CV-6441-01	TCGA-CV-6441	0	no alteration	no alteration	no alteration	no alteration
hnsc_tcga_gdc	TCGA-CV-6436-01	TCGA-CV-6436	0	no alteration	no alteration	no alteration	no alteration
hnsc_tcga_gdc	TCGA-CV-6433-01	TCGA-CV-6433	0	no alteration	no alteration	no alteration	no alteration
hnsc_tcga_gdc	TCGA-CV-5971-01	TCGA-CV-5971	0	no alteration	no alteration	no alteration	no alteration
hnsc_tcga_gdc	TCGA-CV-5970-01	TCGA-CV-5970	0	no alteration	no alteration	no alteration	no alteration
hnsc_tcga_gdc	TCGA-CV-5443-01	TCGA-CV-5443	0	no alteration	no alteration	no alteration	no alteration
hnsc_tcga_gdc	TCGA-CV-5442-01	TCGA-CV-5442	0	no alteration	no alteration	no alteration	no alteration
hnsc_tcga_gdc	TCGA-CV-5441-01	TCGA-CV-5441	0	no alteration	no alteration	no alteration	no alteration
hnsc_tcga_gdc	TCGA-CV-5431-01	TCGA-CV-5431	0	no alteration	not profiled	no alteration	no alteration
hnsc_tcga_gdc	TCGA-CR-7404-01	TCGA-CR-7404	0	no alteration	no alteration	no alteration	no alteration
hnsc_tcga_gdc	TCGA-CR-7395-01	TCGA-CR-7395	0	no alteration	no alteration	no alteration	no alteration
hnsc_tcga_gdc	TCGA-CR-7394-01	TCGA-CR-7394	0	no alteration	no alteration	no alteration	no alteration
hnsc_tcga_gdc	TCGA-CR-7393-01	TCGA-CR-7393	0	no alteration	not profiled	no alteration	no alteration
hnsc_tcga_gdc	TCGA-CR-7392-01	TCGA-CR-7392	0	no alteration	no alteration	no alteration	no alteration
hnsc_tcga_gdc	TCGA-CR-7391-01	TCGA-CR-7391	0	no alteration	no alteration	no alteration	no alteration
hnsc_tcga_gdc	TCGA-CR-7385-01	TCGA-CR-7385	0	no alteration	no alteration	no alteration	no alteration
hnsc_tcga_gdc	TCGA-CR-7382-01	TCGA-CR-7382	0	no alteration	no alteration	no alteration	no alteration
hnsc_tcga_gdc	TCGA-CR-7369-01	TCGA-CR-7369	0	no alteration	no alteration	no alteration	no alteration
hnsc_tcga_gdc	TCGA-CR-7367-01	TCGA-CR-7367	0	no alteration	no alteration	no alteration	no alteration
hnsc_tcga_gdc	TCGA-CR-6492-01	TCGA-CR-6492	0	no alteration	no alteration	no alteration	no alteration
hnsc_tcga_gdc	TCGA-CR-6488-01	TCGA-CR-6488	0	no alteration	no alteration	no alteration	no alteration
hnsc_tcga_gdc	TCGA-CR-6487-01	TCGA-CR-6487	0	no alteration	no alteration	no alteration	no alteration
hnsc_tcga_gdc	TCGA-CR-6482-01	TCGA-CR-6482	0	no alteration	no alteration	no alteration	no alteration
hnsc_tcga_gdc	TCGA-CR-6481-01	TCGA-CR-6481	0	no alteration	no alteration	no alteration	no alteration
hnsc_tcga_gdc	TCGA-CR-6480-01	TCGA-CR-6480	0	no alteration	no alteration	no alteration	no alteration
hnsc_tcga_gdc	TCGA-CR-6473-01	TCGA-CR-6473	0	no alteration	no alteration	no alteration	no alteration
hnsc_tcga_gdc	TCGA-CR-6472-01	TCGA-CR-6472	0	no alteration	no alteration	no alteration	no alteration
hnsc_tcga_gdc	TCGA-CR-6471-01	TCGA-CR-6471	0	no alteration	no alteration	no alteration	no alteration
hnsc_tcga_gdc	TCGA-CR-6470-01	TCGA-CR-6470	0	no alteration	no alteration	no alteration	no alteration
hnsc_tcga_gdc	TCGA-CR-6467-01	TCGA-CR-6467	0	no alteration	no alteration	no alteration	no alteration
hnsc_tcga_gdc	TCGA-CR-5250-01	TCGA-CR-5250	0	no alteration	no alteration	no alteration	no alteration
hnsc_tcga_gdc	TCGA-CR-5249-01	TCGA-CR-5249	0	no alteration	no alteration	no alteration	no alteration
hnsc_tcga_gdc	TCGA-CR-5248-01	TCGA-CR-5248	0	no alteration	no alteration	no alteration	no alteration
hnsc_tcga_gdc	TCGA-CR-5247-01	TCGA-CR-5247	0	no alteration	no alteration	no alteration	no alteration
hnsc_tcga_gdc	TCGA-CR-5243-01	TCGA-CR-5243	0	no alteration	no alteration	no alteration	no alteration
hnsc_tcga_gdc	TCGA-CQ-A4CG-01	TCGA-CQ-A4CG	0	no alteration	no alteration	no alteration	no alteration
hnsc_tcga_gdc	TCGA-CQ-A4CA-01	TCGA-CQ-A4CA	0	no alteration	no alteration	no alteration	no alteration
hnsc_tcga_gdc	TCGA-CQ-7071-01	TCGA-CQ-7071	0	no alteration	no alteration	no alteration	no alteration
hnsc_tcga_gdc	TCGA-CQ-7069-01	TCGA-CQ-7069	0	no alteration	no alteration	no alteration	no alteration
hnsc_tcga_gdc	TCGA-CQ-7068-01	TCGA-CQ-7068	0	no alteration	no alteration	no alteration	no alteration
hnsc_tcga_gdc	TCGA-CQ-7067-01	TCGA-CQ-7067	0	no alteration	not profiled	no alteration	no alteration
hnsc_tcga_gdc	TCGA-CQ-5327-01	TCGA-CQ-5327	0	no alteration	no alteration	no alteration	no alteration
hnsc_tcga_gdc	TCGA-CQ-5325-01	TCGA-CQ-5325	0	no alteration	no alteration	no alteration	no alteration
hnsc_tcga_gdc	TCGA-CQ-5324-01	TCGA-CQ-5324	0	no alteration	no alteration	no alteration	no alteration
hnsc_tcga_gdc	TCGA-CQ-5323-01	TCGA-CQ-5323	0	no alteration	no alteration	no alteration	no alteration
hnsc_tcga_gdc	TCGA-CN-A6V7-01	TCGA-CN-A6V7	0	no alteration	no alteration	no alteration	no alteration
hnsc_tcga_gdc	TCGA-CN-A6V6-01	TCGA-CN-A6V6	0	no alteration	no alteration	no alteration	no alteration
hnsc_tcga_gdc	TCGA-CN-A6V1-01	TCGA-CN-A6V1	0	no alteration	no alteration	no alteration	no alteration
hnsc_tcga_gdc	TCGA-CN-A6UY-01	TCGA-CN-A6UY	0	no alteration	no alteration	no alteration	no alteration
hnsc_tcga_gdc	TCGA-CN-A642-01	TCGA-CN-A642	0	no alteration	no alteration	no alteration	no alteration
hnsc_tcga_gdc	TCGA-CN-A63Y-01	TCGA-CN-A63Y	0	no alteration	no alteration	no alteration	no alteration
hnsc_tcga_gdc	TCGA-CN-A63V-01	TCGA-CN-A63V	0	no alteration	no alteration	no alteration	no alteration
hnsc_tcga_gdc	TCGA-CN-A49C-01	TCGA-CN-A49C	0	no alteration	no alteration	no alteration	no alteration
hnsc_tcga_gdc	TCGA-CN-A49A-01	TCGA-CN-A49A	0	no alteration	no alteration	no alteration	no alteration
hnsc_tcga_gdc	TCGA-CN-A499-01	TCGA-CN-A499	0	no alteration	no alteration	no alteration	no alteration
hnsc_tcga_gdc	TCGA-CN-6017-01	TCGA-CN-6017	0	no alteration	no alteration	no alteration	no alteration
hnsc_tcga_gdc	TCGA-CN-5374-01	TCGA-CN-5374	0	no alteration	no alteration	no alteration	no alteration
hnsc_tcga_gdc	TCGA-CN-5369-01	TCGA-CN-5369	0	no alteration	no alteration	no alteration	no alteration
hnsc_tcga_gdc	TCGA-CN-5363-01	TCGA-CN-5363	0	no alteration	no alteration	no alteration	no alteration
hnsc_tcga_gdc	TCGA-CN-5361-01	TCGA-CN-5361	0	no alteration	no alteration	no alteration	no alteration
hnsc_tcga_gdc	TCGA-CN-4741-01	TCGA-CN-4741	0	no alteration	no alteration	no alteration	no alteration
hnsc_tcga_gdc	TCGA-CN-4734-01	TCGA-CN-4734	0	no alteration	no alteration	no alteration	no alteration
hnsc_tcga_gdc	TCGA-CN-4730-01	TCGA-CN-4730	0	no alteration	no alteration	no alteration	no alteration
hnsc_tcga_gdc	TCGA-CN-4722-01	TCGA-CN-4722	0	not profiled	not profiled	not profiled	not profiled
hnsc_tcga_gdc	TCGA-BB-A6UM-01	TCGA-BB-A6UM	0	no alteration	no alteration	no alteration	no alteration
hnsc_tcga_gdc	TCGA-BB-8596-01	TCGA-BB-8596	0	no alteration	no alteration	no alteration	no alteration
hnsc_tcga_gdc	TCGA-BB-7872-01	TCGA-BB-7872	0	no alteration	not profiled	no alteration	no alteration
hnsc_tcga_gdc	TCGA-BB-7871-01	TCGA-BB-7871	0	no alteration	not profiled	no alteration	no alteration
hnsc_tcga_gdc	TCGA-BB-7866-01	TCGA-BB-7866	0	no alteration	not profiled	no alteration	no alteration
hnsc_tcga_gdc	TCGA-BB-7864-01	TCGA-BB-7864	0	no alteration	not profiled	no alteration	no alteration
hnsc_tcga_gdc	TCGA-BB-7863-01	TCGA-BB-7863	0	no alteration	not profiled	no alteration	no alteration
hnsc_tcga_gdc	TCGA-BB-7862-01	TCGA-BB-7862	0	no alteration	not profiled	no alteration	no alteration
hnsc_tcga_gdc	TCGA-BB-7861-01	TCGA-BB-7861	0	no alteration	not profiled	no alteration	no alteration
hnsc_tcga_gdc	TCGA-BB-4228-01	TCGA-BB-4228	0	no alteration	no alteration	no alteration	no alteration
hnsc_tcga_gdc	TCGA-BB-4225-01	TCGA-BB-4225	0	no alteration	no alteration	no alteration	no alteration
hnsc_tcga_gdc	TCGA-BB-4223-01	TCGA-BB-4223	0	no alteration	no alteration	no alteration	no alteration
hnsc_tcga_gdc	TCGA-BB-4217-01	TCGA-BB-4217	0	no alteration	no alteration	no alteration	no alteration
hnsc_tcga_gdc	TCGA-BA-A6DJ-01	TCGA-BA-A6DJ	0	no alteration	no alteration	no alteration	no alteration
hnsc_tcga_gdc	TCGA-BA-A6DF-01	TCGA-BA-A6DF	0	no alteration	no alteration	no alteration	no alteration
hnsc_tcga_gdc	TCGA-BA-A4IH-01	TCGA-BA-A4IH	0	no alteration	no alteration	no alteration	no alteration
hnsc_tcga_gdc	TCGA-BA-A4IG-01	TCGA-BA-A4IG	0	no alteration	no alteration	no alteration	no alteration
hnsc_tcga_gdc	TCGA-BA-6871-01	TCGA-BA-6871	0	no alteration	no alteration	no alteration	no alteration
hnsc_tcga_gdc	TCGA-BA-5559-01	TCGA-BA-5559	0	no alteration	no alteration	no alteration	no alteration
hnsc_tcga_gdc	TCGA-BA-5556-01	TCGA-BA-5556	0	no alteration	no alteration	no alteration	no alteration
hnsc_tcga_gdc	TCGA-BA-5153-01	TCGA-BA-5153	0	no alteration	no alteration	no alteration	no alteration
hnsc_tcga_gdc	TCGA-BA-5149-01	TCGA-BA-5149	0	no alteration	no alteration	no alteration	no alteration
hnsc_tcga_gdc	TCGA-BA-4077-01	TCGA-BA-4077	0	no alteration	no alteration	no alteration	no alteration
